Country Name,Country Code,Series Name,Series Code,2006 [YR2006],2007 [YR2007],2008 [YR2008],2009 [YR2009],2010 [YR2010],2011 [YR2011],2012 [YR2012],2013 [YR2013],2014 [YR2014],2015 [YR2015],2016 [YR2016],2017 [YR2017],2018 [YR2018],2019 [YR2019],2020 [YR2020],2021 [YR2021],2022 [YR2022],2023 [YR2023],2024 [YR2024]
Afghanistan,AFG,"Have online digital ID, total (% of population ages 15+)",has_eid,..,..,..,..,..,..,..,..,..,..,..,..,..,..,..,..,..,..,..
Afghanistan,AFG,"ID ownership, total (% of population ages 15+)",ID.OWN.TOTL.ZS,..,..,..,..,..,..,..,..,..,..,..,71.40158739,..,..,..,87.39880184,..,..,..
Albania,ALB,"Have online digital ID, total (% of population ages 15+)",has_eid,..,..,..,..,..,..,..,..,..,..,..,..,..,..,..,..,..,..,..
Albania,ALB,"ID ownership, total (% of population ages 15+)",ID.OWN.TOTL.ZS,..,..,..,..,..,..,..,..,..,..,..,92.79110488,..,..,..,96.97276092,..,..,97.5951438510707
Algeria,DZA,"Have online digital ID, total (% of population ages 15+)",has_eid,..,..,..,..,..,..,..,..,..,..,..,..,..,..,..,..,..,..,..
Algeria,DZA,"ID ownership, total (% of population ages 15+)",ID.OWN.TOTL.ZS,..,..,..,..,..,..,..,..,..,..,..,95.08714535,..,..,..,96.70001064,..,..,99.7177321215964
Andorra,AND,"Have online digital ID, total (% of population ages 15+)",has_eid,..,..,..,..,..,..,..,..,..,..,..,..,..,..,..,..,..,..,..
Andorra,AND,"ID ownership, total (% of population ages 15+)",ID.OWN.TOTL.ZS,..,..,..,..,..,..,..,..,..,..,..,..,..,..,..,..,..,..,..
Angola,AGO,"Have online digital ID, total (% of population ages 15+)",has_eid,..,..,..,..,..,..,..,..,..,..,..,..,..,..,..,..,..,..,..
Angola,AGO,"ID ownership, total (% of population ages 15+)",ID.OWN.TOTL.ZS,..,..,..,..,..,..,..,..,..,..,..,..,..,..,..,..,..,..,..
Antigua and Barbuda,ATG,"Have online digital ID, total (% of population ages 15+)",has_eid,..,..,..,..,..,..,..,..,..,..,..,..,..,..,..,..,..,..,..
Antigua and Barbuda,ATG,"ID ownership, total (% of population ages 15+)",ID.OWN.TOTL.ZS,..,..,..,..,..,..,..,..,..,..,..,..,..,..,..,..,..,..,..
Argentina,ARG,"Have online digital ID, total (% of population ages 15+)",has_eid,..,..,..,..,..,..,..,..,..,..,..,..,..,..,..,..,..,..,22.8003922485557
Argentina,ARG,"ID ownership, total (% of population ages 15+)",ID.OWN.TOTL.ZS,..,..,..,..,..,..,..,..,..,..,..,99.28326574,..,..,..,98.64184835,..,..,99.2969925341791
Armenia,ARM,"Have online digital ID, total (% of population ages 15+)",has_eid,..,..,..,..,..,..,..,..,..,..,..,..,..,..,..,..,..,..,..
Armenia,ARM,"ID ownership, total (% of population ages 15+)",ID.OWN.TOTL.ZS,..,..,..,..,..,..,..,..,..,..,..,..,..,..,..,74.550209622622,..,..,..
Australia,AUS,"Have online digital ID, total (% of population ages 15+)",has_eid,..,..,..,..,..,..,..,..,..,..,..,..,..,..,..,..,..,..,67.6252271248186
Australia,AUS,"ID ownership, total (% of population ages 15+)",ID.OWN.TOTL.ZS,..,..,..,..,..,..,..,..,..,..,..,..,..,..,..,..,..,..,..
Austria,AUT,"Have online digital ID, total (% of population ages 15+)",has_eid,..,..,..,..,..,..,..,..,..,..,..,..,..,..,..,..,..,..,44.7264414132939
Austria,AUT,"ID ownership, total (% of population ages 15+)",ID.OWN.TOTL.ZS,..,..,..,..,..,..,..,..,..,..,..,..,..,..,..,..,..,..,58.322029433272
Azerbaijan,AZE,"Have online digital ID, total (% of population ages 15+)",has_eid,..,..,..,..,..,..,..,..,..,..,..,..,..,..,..,..,..,..,10.7202156130561
Azerbaijan,AZE,"ID ownership, total (% of population ages 15+)",ID.OWN.TOTL.ZS,..,..,..,..,..,..,..,..,..,..,..,98.75160421,..,..,..,..,..,..,100
"Bahamas, The",BHS,"Have online digital ID, total (% of population ages 15+)",has_eid,..,..,..,..,..,..,..,..,..,..,..,..,..,..,..,..,..,..,..
"Bahamas, The",BHS,"ID ownership, total (% of population ages 15+)",ID.OWN.TOTL.ZS,..,..,..,..,..,..,..,..,..,..,..,..,..,..,..,..,..,..,..
Bahrain,BHR,"Have online digital ID, total (% of population ages 15+)",has_eid,..,..,..,..,..,..,..,..,..,..,..,..,..,..,..,..,..,..,58.6003665393155
Bahrain,BHR,"ID ownership, total (% of population ages 15+)",ID.OWN.TOTL.ZS,..,..,..,..,..,..,..,..,..,..,..,..,..,..,..,..,..,..,98.4114063623281
Bangladesh,BGD,"Have online digital ID, total (% of population ages 15+)",has_eid,..,..,..,..,..,..,..,..,..,..,..,..,..,..,..,..,..,..,..
Bangladesh,BGD,"ID ownership, total (% of population ages 15+)",ID.OWN.TOTL.ZS,..,..,..,..,..,..,..,..,..,..,..,82.92731348,..,..,..,86.64256795,..,..,89.2905839068348
Barbados,BRB,"Have online digital ID, total (% of population ages 15+)",has_eid,..,..,..,..,..,..,..,..,..,..,..,..,..,..,..,..,..,..,..
Barbados,BRB,"ID ownership, total (% of population ages 15+)",ID.OWN.TOTL.ZS,..,..,..,..,..,..,..,..,..,..,..,..,..,..,..,..,..,..,..
Belarus,BLR,"Have online digital ID, total (% of population ages 15+)",has_eid,..,..,..,..,..,..,..,..,..,..,..,..,..,..,..,..,..,..,..
Belarus,BLR,"ID ownership, total (% of population ages 15+)",ID.OWN.TOTL.ZS,..,..,..,..,..,..,..,..,..,..,..,98.92396457,..,..,..,..,..,..,..
Belgium,BEL,"Have online digital ID, total (% of population ages 15+)",has_eid,..,..,..,..,..,..,..,..,..,..,..,..,..,..,..,..,..,..,75.7395098216893
Belgium,BEL,"ID ownership, total (% of population ages 15+)",ID.OWN.TOTL.ZS,..,..,..,..,..,..,..,..,..,..,..,..,..,..,..,99.1133962,..,..,97.0479987425721
Belize,BLZ,"Have online digital ID, total (% of population ages 15+)",has_eid,..,..,..,..,..,..,..,..,..,..,..,..,..,..,..,..,..,..,..
Belize,BLZ,"ID ownership, total (% of population ages 15+)",ID.OWN.TOTL.ZS,..,..,..,..,..,..,..,..,..,..,..,..,..,..,..,..,..,..,..
Benin,BEN,"Have online digital ID, total (% of population ages 15+)",has_eid,..,..,..,..,..,..,..,..,..,..,..,..,..,..,..,..,..,..,15.0239635497793
Benin,BEN,"ID ownership, total (% of population ages 15+)",ID.OWN.TOTL.ZS,..,..,..,..,..,..,..,..,..,..,..,45.87669061,..,..,..,46.95548173,..,..,68.9090640648242
Bhutan,BTN,"Have online digital ID, total (% of population ages 15+)",has_eid,..,..,..,..,..,..,..,..,..,..,..,..,..,..,..,..,..,..,..
Bhutan,BTN,"ID ownership, total (% of population ages 15+)",ID.OWN.TOTL.ZS,..,..,..,..,..,..,..,..,..,..,..,..,..,..,..,..,..,..,..
Bolivia,BOL,"Have online digital ID, total (% of population ages 15+)",has_eid,..,..,..,..,..,..,..,..,..,..,..,..,..,..,..,..,..,..,4.69721684139474
Bolivia,BOL,"ID ownership, total (% of population ages 15+)",ID.OWN.TOTL.ZS,..,..,..,..,..,..,..,..,..,..,..,97.67971239,..,..,..,97.92887091,..,..,98.7293588184031
Bosnia and Herzegovina,BIH,"Have online digital ID, total (% of population ages 15+)",has_eid,..,..,..,..,..,..,..,..,..,..,..,..,..,..,..,..,..,..,..
Bosnia and Herzegovina,BIH,"ID ownership, total (% of population ages 15+)",ID.OWN.TOTL.ZS,..,..,..,..,..,..,..,..,..,..,..,94.46220815,..,..,..,96.75621772,..,..,93.3833600539944
Botswana,BWA,"Have online digital ID, total (% of population ages 15+)",has_eid,..,..,..,..,..,..,..,..,..,..,..,..,..,..,..,..,..,..,..
Botswana,BWA,"ID ownership, total (% of population ages 15+)",ID.OWN.TOTL.ZS,..,..,..,..,..,..,..,..,..,..,..,96.84307412,..,..,..,..,..,..,94.8061430437108
Brazil,BRA,"Have online digital ID, total (% of population ages 15+)",has_eid,..,..,..,..,..,..,..,..,..,..,..,..,..,..,..,..,..,..,50.6601127443801
Brazil,BRA,"ID ownership, total (% of population ages 15+)",ID.OWN.TOTL.ZS,..,..,..,..,..,..,..,..,..,..,..,98.37339782,..,..,..,96.21447431,..,..,98.5095526638764
Brunei Darussalam,BRN,"Have online digital ID, total (% of population ages 15+)",has_eid,..,..,..,..,..,..,..,..,..,..,..,..,..,..,..,..,..,..,..
Brunei Darussalam,BRN,"ID ownership, total (% of population ages 15+)",ID.OWN.TOTL.ZS,..,..,..,..,..,..,..,..,..,..,..,..,..,..,..,..,..,..,..
Bulgaria,BGR,"Have online digital ID, total (% of population ages 15+)",has_eid,..,..,..,..,..,..,..,..,..,..,..,..,..,..,..,..,..,..,..
Bulgaria,BGR,"ID ownership, total (% of population ages 15+)",ID.OWN.TOTL.ZS,..,..,..,..,..,..,..,..,..,..,..,99.28354061,..,..,..,99.2773561,..,..,..
Burkina Faso,BFA,"Have online digital ID, total (% of population ages 15+)",has_eid,..,..,..,..,..,..,..,..,..,..,..,..,..,..,..,..,..,..,..
Burkina Faso,BFA,"ID ownership, total (% of population ages 15+)",ID.OWN.TOTL.ZS,..,..,..,..,..,..,..,..,..,..,..,80.77183136,..,..,..,83.14520514,..,..,90.216296797031
Burundi,BDI,"Have online digital ID, total (% of population ages 15+)",has_eid,..,..,..,..,..,..,..,..,..,..,..,..,..,..,..,..,..,..,..
Burundi,BDI,"ID ownership, total (% of population ages 15+)",ID.OWN.TOTL.ZS,..,..,..,..,..,..,..,..,..,..,..,..,..,..,..,..,..,..,..
Cabo Verde,CPV,"Have online digital ID, total (% of population ages 15+)",has_eid,..,..,..,..,..,..,..,..,..,..,..,..,..,..,..,..,..,..,..
Cabo Verde,CPV,"ID ownership, total (% of population ages 15+)",ID.OWN.TOTL.ZS,..,..,..,..,..,..,..,..,..,..,..,..,..,..,..,..,..,..,..
Cambodia,KHM,"Have online digital ID, total (% of population ages 15+)",has_eid,..,..,..,..,..,..,..,..,..,..,..,..,..,..,..,..,..,..,..
Cambodia,KHM,"ID ownership, total (% of population ages 15+)",ID.OWN.TOTL.ZS,..,..,..,..,..,..,..,..,..,..,..,88.62031996,..,..,..,89.62970047,..,..,90.8090082766228
Cameroon,CMR,"Have online digital ID, total (% of population ages 15+)",has_eid,..,..,..,..,..,..,..,..,..,..,..,..,..,..,..,..,..,..,..
Cameroon,CMR,"ID ownership, total (% of population ages 15+)",ID.OWN.TOTL.ZS,..,..,..,..,..,..,..,..,..,..,..,85.28723385,..,..,..,82.76942144,..,..,79.8962765766756
Canada,CAN,"Have online digital ID, total (% of population ages 15+)",has_eid,..,..,..,..,..,..,..,..,..,..,..,..,..,..,..,..,..,..,55.6084856397482
Canada,CAN,"ID ownership, total (% of population ages 15+)",ID.OWN.TOTL.ZS,..,..,..,..,..,..,..,..,..,..,..,..,..,..,..,97.84381576,..,..,93.0750594936472
Central African Republic,CAF,"Have online digital ID, total (% of population ages 15+)",has_eid,..,..,..,..,..,..,..,..,..,..,..,..,..,..,..,..,..,..,..
Central African Republic,CAF,"ID ownership, total (% of population ages 15+)",ID.OWN.TOTL.ZS,..,..,..,..,..,..,..,..,..,..,..,..,..,..,..,..,..,..,..
Chad,TCD,"Have online digital ID, total (% of population ages 15+)",has_eid,..,..,..,..,..,..,..,..,..,..,..,..,..,..,..,..,..,..,..
Chad,TCD,"ID ownership, total (% of population ages 15+)",ID.OWN.TOTL.ZS,..,..,..,..,..,..,..,..,..,..,..,39.03098092,..,..,..,..,..,..,..
Chile,CHL,"Have online digital ID, total (% of population ages 15+)",has_eid,..,..,..,..,..,..,..,..,..,..,..,..,..,..,..,..,..,..,85.201385451383
Chile,CHL,"ID ownership, total (% of population ages 15+)",ID.OWN.TOTL.ZS,..,..,..,..,..,..,..,..,..,..,..,98.84319093,..,..,..,99.15418446,..,..,98.2380918791864
China,CHN,"Have online digital ID, total (% of population ages 15+)",has_eid,..,..,..,..,..,..,..,..,..,..,..,..,..,..,..,..,..,..,42.5218024568122
China,CHN,"ID ownership, total (% of population ages 15+)",ID.OWN.TOTL.ZS,..,..,..,..,..,..,..,..,..,..,..,98.58040347,..,..,..,99.72051698,..,..,99.0153650408965
Colombia,COL,"Have online digital ID, total (% of population ages 15+)",has_eid,..,..,..,..,..,..,..,..,..,..,..,..,..,..,..,..,..,..,8.07315388638076
Colombia,COL,"ID ownership, total (% of population ages 15+)",ID.OWN.TOTL.ZS,..,..,..,..,..,..,..,..,..,..,..,98.90795714,..,..,..,96.88078839,..,..,98.3836339493958
Comoros,COM,"Have online digital ID, total (% of population ages 15+)",has_eid,..,..,..,..,..,..,..,..,..,..,..,..,..,..,..,..,..,..,..
Comoros,COM,"ID ownership, total (% of population ages 15+)",ID.OWN.TOTL.ZS,..,..,..,..,..,..,..,..,..,..,..,..,..,..,..,..,..,..,72.3593311040132
"Congo, Dem. Rep.",COD,"Have online digital ID, total (% of population ages 15+)",has_eid,..,..,..,..,..,..,..,..,..,..,..,..,..,..,..,..,..,..,..
"Congo, Dem. Rep.",COD,"ID ownership, total (% of population ages 15+)",ID.OWN.TOTL.ZS,..,..,..,..,..,..,..,..,..,..,..,..,..,..,..,..,..,..,86.3774601728039
"Congo, Rep.",COG,"Have online digital ID, total (% of population ages 15+)",has_eid,..,..,..,..,..,..,..,..,..,..,..,..,..,..,..,..,..,..,..
"Congo, Rep.",COG,"ID ownership, total (% of population ages 15+)",ID.OWN.TOTL.ZS,..,..,..,..,..,..,..,..,..,..,..,59.79960784,..,..,..,63.17619931,..,..,55.7251794654275
Costa Rica,CRI,"Have online digital ID, total (% of population ages 15+)",has_eid,..,..,..,..,..,..,..,..,..,..,..,..,..,..,..,..,..,..,..
Costa Rica,CRI,"ID ownership, total (% of population ages 15+)",ID.OWN.TOTL.ZS,..,..,..,..,..,..,..,..,..,..,..,97.82195799,..,..,..,94.60025934,..,..,97.8353661057931
Cote d'Ivoire,CIV,"Have online digital ID, total (% of population ages 15+)",has_eid,..,..,..,..,..,..,..,..,..,..,..,..,..,..,..,..,..,..,..
Cote d'Ivoire,CIV,"ID ownership, total (% of population ages 15+)",ID.OWN.TOTL.ZS,..,..,..,..,..,..,..,..,..,..,..,68.00436596,..,..,..,71.75127269,..,..,78.4064392745989
Croatia,HRV,"Have online digital ID, total (% of population ages 15+)",has_eid,..,..,..,..,..,..,..,..,..,..,..,..,..,..,..,..,..,..,..
Croatia,HRV,"ID ownership, total (% of population ages 15+)",ID.OWN.TOTL.ZS,..,..,..,..,..,..,..,..,..,..,..,99.3968675,..,..,..,99.62140891,..,..,..
Cuba,CUB,"Have online digital ID, total (% of population ages 15+)",has_eid,..,..,..,..,..,..,..,..,..,..,..,..,..,..,..,..,..,..,..
Cuba,CUB,"ID ownership, total (% of population ages 15+)",ID.OWN.TOTL.ZS,..,..,..,..,..,..,..,..,..,..,..,..,..,..,..,..,..,..,..
Cyprus,CYP,"Have online digital ID, total (% of population ages 15+)",has_eid,..,..,..,..,..,..,..,..,..,..,..,..,..,..,..,..,..,..,19.0324179235268
Cyprus,CYP,"ID ownership, total (% of population ages 15+)",ID.OWN.TOTL.ZS,..,..,..,..,..,..,..,..,..,..,..,..,..,..,..,87.39290401,..,..,87.7397797688062
Czechia,CZE,"Have online digital ID, total (% of population ages 15+)",has_eid,..,..,..,..,..,..,..,..,..,..,..,..,..,..,..,..,..,..,47.9144320793809
Czechia,CZE,"ID ownership, total (% of population ages 15+)",ID.OWN.TOTL.ZS,..,..,..,..,..,..,..,..,..,..,..,98.50290841,..,..,..,99.13853195,..,..,95.3362460356874
Denmark,DNK,"Have online digital ID, total (% of population ages 15+)",has_eid,..,..,..,..,..,..,..,..,..,..,..,..,..,..,..,..,..,..,98.043858868299
Denmark,DNK,"ID ownership, total (% of population ages 15+)",ID.OWN.TOTL.ZS,..,..,..,..,..,..,..,..,..,..,..,..,..,..,..,98.52963019,..,..,99.6690861429333
Djibouti,DJI,"Have online digital ID, total (% of population ages 15+)",has_eid,..,..,..,..,..,..,..,..,..,..,..,..,..,..,..,..,..,..,..
Djibouti,DJI,"ID ownership, total (% of population ages 15+)",ID.OWN.TOTL.ZS,..,..,..,..,..,..,..,..,..,..,..,..,..,..,..,..,..,..,..
Dominica,DMA,"Have online digital ID, total (% of population ages 15+)",has_eid,..,..,..,..,..,..,..,..,..,..,..,..,..,..,..,..,..,..,..
Dominica,DMA,"ID ownership, total (% of population ages 15+)",ID.OWN.TOTL.ZS,..,..,..,..,..,..,..,..,..,..,..,..,..,..,..,..,..,..,..
Dominican Republic,DOM,"Have online digital ID, total (% of population ages 15+)",has_eid,..,..,..,..,..,..,..,..,..,..,..,..,..,..,..,..,..,..,..
Dominican Republic,DOM,"ID ownership, total (% of population ages 15+)",ID.OWN.TOTL.ZS,..,..,..,..,..,..,..,..,..,..,..,89.94960577,..,..,..,90.96322874,..,..,92.3591645981264
Ecuador,ECU,"Have online digital ID, total (% of population ages 15+)",has_eid,..,..,..,..,..,..,..,..,..,..,..,..,..,..,..,..,..,..,..
Ecuador,ECU,"ID ownership, total (% of population ages 15+)",ID.OWN.TOTL.ZS,..,..,..,..,..,..,..,..,..,..,..,99.48462955,..,..,..,97.50621173,..,..,98.223110052501
"Egypt, Arab Rep.",EGY,"Have online digital ID, total (% of population ages 15+)",has_eid,..,..,..,..,..,..,..,..,..,..,..,..,..,..,..,..,..,..,..
"Egypt, Arab Rep.",EGY,"ID ownership, total (% of population ages 15+)",ID.OWN.TOTL.ZS,..,..,..,..,..,..,..,..,..,..,..,93.6728701,..,..,..,97.3153634,..,..,98.7781785562663
El Salvador,SLV,"Have online digital ID, total (% of population ages 15+)",has_eid,..,..,..,..,..,..,..,..,..,..,..,..,..,..,..,..,..,..,7.97137917577747
El Salvador,SLV,"ID ownership, total (% of population ages 15+)",ID.OWN.TOTL.ZS,..,..,..,..,..,..,..,..,..,..,..,96.28712513,..,..,..,96.95793572,..,..,98.3425729671305
Equatorial Guinea,GNQ,"Have online digital ID, total (% of population ages 15+)",has_eid,..,..,..,..,..,..,..,..,..,..,..,..,..,..,..,..,..,..,..
Equatorial Guinea,GNQ,"ID ownership, total (% of population ages 15+)",ID.OWN.TOTL.ZS,..,..,..,..,..,..,..,..,..,..,..,..,..,..,..,..,..,..,..
Eritrea,ERI,"Have online digital ID, total (% of population ages 15+)",has_eid,..,..,..,..,..,..,..,..,..,..,..,..,..,..,..,..,..,..,..
Eritrea,ERI,"ID ownership, total (% of population ages 15+)",ID.OWN.TOTL.ZS,..,..,..,..,..,..,..,..,..,..,..,..,..,..,..,..,..,..,..
Estonia,EST,"Have online digital ID, total (% of population ages 15+)",has_eid,..,..,..,..,..,..,..,..,..,..,..,..,..,..,..,..,..,..,..
Estonia,EST,"ID ownership, total (% of population ages 15+)",ID.OWN.TOTL.ZS,..,..,..,..,..,..,..,..,..,..,..,98.56508504,..,..,..,97.9578064,..,..,..
Eswatini,SWZ,"Have online digital ID, total (% of population ages 15+)",has_eid,..,..,..,..,..,..,..,..,..,..,..,..,..,..,..,..,..,..,..
Eswatini,SWZ,"ID ownership, total (% of population ages 15+)",ID.OWN.TOTL.ZS,..,..,..,..,..,..,..,..,..,..,..,..,..,..,..,..,..,..,85.3992755533299
Ethiopia,ETH,"Have online digital ID, total (% of population ages 15+)",has_eid,..,..,..,..,..,..,..,..,..,..,..,..,..,..,..,..,..,..,..
Ethiopia,ETH,"ID ownership, total (% of population ages 15+)",ID.OWN.TOTL.ZS,..,..,..,..,..,..,..,..,..,..,..,64.2205093,..,..,..,..,..,..,90.5978260588328
Fiji,FJI,"Have online digital ID, total (% of population ages 15+)",has_eid,..,..,..,..,..,..,..,..,..,..,..,..,..,..,..,..,..,..,..
Fiji,FJI,"ID ownership, total (% of population ages 15+)",ID.OWN.TOTL.ZS,..,..,..,..,..,..,..,..,..,..,..,..,..,..,..,..,..,..,..
Finland,FIN,"Have online digital ID, total (% of population ages 15+)",has_eid,..,..,..,..,..,..,..,..,..,..,..,..,..,..,..,..,..,..,86.1929306398475
Finland,FIN,"ID ownership, total (% of population ages 15+)",ID.OWN.TOTL.ZS,..,..,..,..,..,..,..,..,..,..,..,..,..,..,..,..,..,..,99.5673280461967
France,FRA,"Have online digital ID, total (% of population ages 15+)",has_eid,..,..,..,..,..,..,..,..,..,..,..,..,..,..,..,..,..,..,57.4583026798561
France,FRA,"ID ownership, total (% of population ages 15+)",ID.OWN.TOTL.ZS,..,..,..,..,..,..,..,..,..,..,..,..,..,..,..,93.84403613,..,..,95.272129576606
Gabon,GAB,"Have online digital ID, total (% of population ages 15+)",has_eid,..,..,..,..,..,..,..,..,..,..,..,..,..,..,..,..,..,..,..
Gabon,GAB,"ID ownership, total (% of population ages 15+)",ID.OWN.TOTL.ZS,..,..,..,..,..,..,..,..,..,..,..,69.88040617,..,..,..,72.95549063,..,..,78.3152906351287
"Gambia, The",GMB,"Have online digital ID, total (% of population ages 15+)",has_eid,..,..,..,..,..,..,..,..,..,..,..,..,..,..,..,..,..,..,..
"Gambia, The",GMB,"ID ownership, total (% of population ages 15+)",ID.OWN.TOTL.ZS,..,..,..,..,..,..,..,..,..,..,..,..,..,..,..,..,..,..,86.4532624935205
Georgia,GEO,"Have online digital ID, total (% of population ages 15+)",has_eid,..,..,..,..,..,..,..,..,..,..,..,..,..,..,..,..,..,..,..
Georgia,GEO,"ID ownership, total (% of population ages 15+)",ID.OWN.TOTL.ZS,..,..,..,..,..,..,..,..,..,..,..,94.12885884,..,..,..,95.13932139,..,..,91.6966491630148
Germany,DEU,"Have online digital ID, total (% of population ages 15+)",has_eid,..,..,..,..,..,..,..,..,..,..,..,..,..,..,..,..,..,..,27.8940525623075
Germany,DEU,"ID ownership, total (% of population ages 15+)",ID.OWN.TOTL.ZS,..,..,..,..,..,..,..,..,..,..,..,..,..,..,..,95.68022645,..,..,97.958222489491
Ghana,GHA,"Have online digital ID, total (% of population ages 15+)",has_eid,..,..,..,..,..,..,..,..,..,..,..,..,..,..,..,..,..,..,..
Ghana,GHA,"ID ownership, total (% of population ages 15+)",ID.OWN.TOTL.ZS,..,..,..,..,..,..,..,..,..,..,..,..,..,..,..,86.74921822,..,..,87.9249691716942
Greece,GRC,"Have online digital ID, total (% of population ages 15+)",has_eid,..,..,..,..,..,..,..,..,..,..,..,..,..,..,..,..,..,..,12.0055748665914
Greece,GRC,"ID ownership, total (% of population ages 15+)",ID.OWN.TOTL.ZS,..,..,..,..,..,..,..,..,..,..,..,92.78655247,..,..,..,97.67209011,..,..,96.6974425920244
Grenada,GRD,"Have online digital ID, total (% of population ages 15+)",has_eid,..,..,..,..,..,..,..,..,..,..,..,..,..,..,..,..,..,..,..
Grenada,GRD,"ID ownership, total (% of population ages 15+)",ID.OWN.TOTL.ZS,..,..,..,..,..,..,..,..,..,..,..,..,..,..,..,..,..,..,..
Guatemala,GTM,"Have online digital ID, total (% of population ages 15+)",has_eid,..,..,..,..,..,..,..,..,..,..,..,..,..,..,..,..,..,..,..
Guatemala,GTM,"ID ownership, total (% of population ages 15+)",ID.OWN.TOTL.ZS,..,..,..,..,..,..,..,..,..,..,..,93.02061726,..,..,..,..,..,..,94.3457721688668
Guinea,GIN,"Have online digital ID, total (% of population ages 15+)",has_eid,..,..,..,..,..,..,..,..,..,..,..,..,..,..,..,..,..,..,..
Guinea,GIN,"ID ownership, total (% of population ages 15+)",ID.OWN.TOTL.ZS,..,..,..,..,..,..,..,..,..,..,..,44.55006949,..,..,..,58.62722849,..,..,47.3314214268322
Guinea-Bissau,GNB,"Have online digital ID, total (% of population ages 15+)",has_eid,..,..,..,..,..,..,..,..,..,..,..,..,..,..,..,..,..,..,..
Guinea-Bissau,GNB,"ID ownership, total (% of population ages 15+)",ID.OWN.TOTL.ZS,..,..,..,..,..,..,..,..,..,..,..,..,..,..,..,..,..,..,..
Guyana,GUY,"Have online digital ID, total (% of population ages 15+)",has_eid,..,..,..,..,..,..,..,..,..,..,..,..,..,..,..,..,..,..,..
Guyana,GUY,"ID ownership, total (% of population ages 15+)",ID.OWN.TOTL.ZS,..,..,..,..,..,..,..,..,..,..,..,..,..,..,..,..,..,..,..
Haiti,HTI,"Have online digital ID, total (% of population ages 15+)",has_eid,..,..,..,..,..,..,..,..,..,..,..,..,..,..,..,..,..,..,..
Haiti,HTI,"ID ownership, total (% of population ages 15+)",ID.OWN.TOTL.ZS,..,..,..,..,..,..,..,..,..,..,..,79.49791478,..,..,..,..,..,..,..
Honduras,HND,"Have online digital ID, total (% of population ages 15+)",has_eid,..,..,..,..,..,..,..,..,..,..,..,..,..,..,..,..,..,..,..
Honduras,HND,"ID ownership, total (% of population ages 15+)",ID.OWN.TOTL.ZS,..,..,..,..,..,..,..,..,..,..,..,93.17490449,..,..,..,92.76276555,..,..,95.3924800677793
"Hong Kong SAR, China",HKG,"Have online digital ID, total (% of population ages 15+)",has_eid,..,..,..,..,..,..,..,..,..,..,..,..,..,..,..,..,..,..,36.7510483208071
"Hong Kong SAR, China",HKG,"ID ownership, total (% of population ages 15+)",ID.OWN.TOTL.ZS,..,..,..,..,..,..,..,..,..,..,..,..,..,..,..,98.13536756,..,..,99.9023610133679
Hungary,HUN,"Have online digital ID, total (% of population ages 15+)",has_eid,..,..,..,..,..,..,..,..,..,..,..,..,..,..,..,..,..,..,23.4985489682267
Hungary,HUN,"ID ownership, total (% of population ages 15+)",ID.OWN.TOTL.ZS,..,..,..,..,..,..,..,..,..,..,..,99.70358468,..,..,..,98.85276547,..,..,99.2173385942081
Iceland,ISL,"Have online digital ID, total (% of population ages 15+)",has_eid,..,..,..,..,..,..,..,..,..,..,..,..,..,..,..,..,..,..,97.8220702240491
Iceland,ISL,"ID ownership, total (% of population ages 15+)",ID.OWN.TOTL.ZS,..,..,..,..,..,..,..,..,..,..,..,..,..,..,..,99.65489013,..,..,100
India,IND,"Have online digital ID, total (% of population ages 15+)",has_eid,..,..,..,..,..,..,..,..,..,..,..,..,..,..,..,..,..,..,..
India,IND,"ID ownership, total (% of population ages 15+)",ID.OWN.TOTL.ZS,..,..,..,..,..,..,..,..,..,..,..,96.75291324,..,..,..,..,..,..,99.1871475400724
Indonesia,IDN,"Have online digital ID, total (% of population ages 15+)",has_eid,..,..,..,..,..,..,..,..,..,..,..,..,..,..,..,..,..,..,16.6706628488746
Indonesia,IDN,"ID ownership, total (% of population ages 15+)",ID.OWN.TOTL.ZS,..,..,..,..,..,..,..,..,..,..,..,95.78659007,..,..,..,96.7193686,..,..,97.3893700903405
"Iran, Islamic Rep.",IRN,"Have online digital ID, total (% of population ages 15+)",has_eid,..,..,..,..,..,..,..,..,..,..,..,..,..,..,..,..,..,..,..
"Iran, Islamic Rep.",IRN,"ID ownership, total (% of population ages 15+)",ID.OWN.TOTL.ZS,..,..,..,..,..,..,..,..,..,..,..,..,..,..,..,86.64929292,..,..,91.9736656736021
Iraq,IRQ,"Have online digital ID, total (% of population ages 15+)",has_eid,..,..,..,..,..,..,..,..,..,..,..,..,..,..,..,..,..,..,..
Iraq,IRQ,"ID ownership, total (% of population ages 15+)",ID.OWN.TOTL.ZS,..,..,..,..,..,..,..,..,..,..,..,..,..,..,..,94.20733731,..,..,96.7763729436169
Ireland,IRL,"Have online digital ID, total (% of population ages 15+)",has_eid,..,..,..,..,..,..,..,..,..,..,..,..,..,..,..,..,..,..,49.3150640387478
Ireland,IRL,"ID ownership, total (% of population ages 15+)",ID.OWN.TOTL.ZS,..,..,..,..,..,..,..,..,..,..,..,..,..,..,..,..,..,..,85.307182804132
Israel,ISR,"Have online digital ID, total (% of population ages 15+)",has_eid,..,..,..,..,..,..,..,..,..,..,..,..,..,..,..,..,..,..,..
Israel,ISR,"ID ownership, total (% of population ages 15+)",ID.OWN.TOTL.ZS,..,..,..,..,..,..,..,..,..,..,..,99.11541706,..,..,..,98.17099081,..,..,98.0118006470692
Italy,ITA,"Have online digital ID, total (% of population ages 15+)",has_eid,..,..,..,..,..,..,..,..,..,..,..,..,..,..,..,..,..,..,85.3657145575532
Italy,ITA,"ID ownership, total (% of population ages 15+)",ID.OWN.TOTL.ZS,..,..,..,..,..,..,..,..,..,..,..,..,..,..,..,97.94040575,..,..,98.356045629445
Jamaica,JAM,"Have online digital ID, total (% of population ages 15+)",has_eid,..,..,..,..,..,..,..,..,..,..,..,..,..,..,..,..,..,..,..
Jamaica,JAM,"ID ownership, total (% of population ages 15+)",ID.OWN.TOTL.ZS,..,..,..,..,..,..,..,..,..,..,..,..,..,..,..,82.65477266,..,..,..
Japan,JPN,"Have online digital ID, total (% of population ages 15+)",has_eid,..,..,..,..,..,..,..,..,..,..,..,..,..,..,..,..,..,..,79.2036262857833
Japan,JPN,"ID ownership, total (% of population ages 15+)",ID.OWN.TOTL.ZS,..,..,..,..,..,..,..,..,..,..,..,..,..,..,..,..,..,..,94.3815557318939
Jordan,JOR,"Have online digital ID, total (% of population ages 15+)",has_eid,..,..,..,..,..,..,..,..,..,..,..,..,..,..,..,..,..,..,19.2930050806681
Jordan,JOR,"ID ownership, total (% of population ages 15+)",ID.OWN.TOTL.ZS,..,..,..,..,..,..,..,..,..,..,..,95.34562249,..,..,..,96.79512627,..,..,86.1496566509945
Kazakhstan,KAZ,"Have online digital ID, total (% of population ages 15+)",has_eid,..,..,..,..,..,..,..,..,..,..,..,..,..,..,..,..,..,..,..
Kazakhstan,KAZ,"ID ownership, total (% of population ages 15+)",ID.OWN.TOTL.ZS,..,..,..,..,..,..,..,..,..,..,..,93.81039724,..,..,..,98.85276392,..,..,..
Kenya,KEN,"Have online digital ID, total (% of population ages 15+)",has_eid,..,..,..,..,..,..,..,..,..,..,..,..,..,..,..,..,..,..,..
Kenya,KEN,"ID ownership, total (% of population ages 15+)",ID.OWN.TOTL.ZS,..,..,..,..,..,..,..,..,..,..,..,94.25101072,..,..,..,91.37465585,..,..,92.5808062747738
Kiribati,KIR,"Have online digital ID, total (% of population ages 15+)",has_eid,..,..,..,..,..,..,..,..,..,..,..,..,..,..,..,..,..,..,..
Kiribati,KIR,"ID ownership, total (% of population ages 15+)",ID.OWN.TOTL.ZS,..,..,..,..,..,..,..,..,..,..,..,..,..,..,..,..,..,..,..
"Korea, Dem. People's Rep.",PRK,"Have online digital ID, total (% of population ages 15+)",has_eid,..,..,..,..,..,..,..,..,..,..,..,..,..,..,..,..,..,..,..
"Korea, Dem. People's Rep.",PRK,"ID ownership, total (% of population ages 15+)",ID.OWN.TOTL.ZS,..,..,..,..,..,..,..,..,..,..,..,..,..,..,..,..,..,..,..
"Korea, Rep.",KOR,"Have online digital ID, total (% of population ages 15+)",has_eid,..,..,..,..,..,..,..,..,..,..,..,..,..,..,..,..,..,..,68.5233408290471
"Korea, Rep.",KOR,"ID ownership, total (% of population ages 15+)",ID.OWN.TOTL.ZS,..,..,..,..,..,..,..,..,..,..,..,..,..,..,..,96.82503359,..,..,97.2383724149011
Kosovo,XKX,"Have online digital ID, total (% of population ages 15+)",has_eid,..,..,..,..,..,..,..,..,..,..,..,..,..,..,..,..,..,..,..
Kosovo,XKX,"ID ownership, total (% of population ages 15+)",ID.OWN.TOTL.ZS,..,..,..,..,..,..,..,..,..,..,..,92.72359223,..,..,..,95.18322032,..,..,..
Kuwait,KWT,"Have online digital ID, total (% of population ages 15+)",has_eid,..,..,..,..,..,..,..,..,..,..,..,..,..,..,..,..,..,..,89.4193488722261
Kuwait,KWT,"ID ownership, total (% of population ages 15+)",ID.OWN.TOTL.ZS,..,..,..,..,..,..,..,..,..,..,..,..,..,..,..,..,..,..,94.7293562954578
Kyrgyz Republic,KGZ,"Have online digital ID, total (% of population ages 15+)",has_eid,..,..,..,..,..,..,..,..,..,..,..,..,..,..,..,..,..,..,29.9544869473164
Kyrgyz Republic,KGZ,"ID ownership, total (% of population ages 15+)",ID.OWN.TOTL.ZS,..,..,..,..,..,..,..,..,..,..,..,93.18728713,..,..,..,93.60091146,..,..,97.8889770588588
Lao PDR,LAO,"Have online digital ID, total (% of population ages 15+)",has_eid,..,..,..,..,..,..,..,..,..,..,..,..,..,..,..,..,..,..,..
Lao PDR,LAO,"ID ownership, total (% of population ages 15+)",ID.OWN.TOTL.ZS,..,..,..,..,..,..,..,..,..,..,..,40.73503877,..,..,..,55.33437783,..,..,47.5255907887471
Latvia,LVA,"Have online digital ID, total (% of population ages 15+)",has_eid,..,..,..,..,..,..,..,..,..,..,..,..,..,..,..,..,..,..,56.3481954647431
Latvia,LVA,"ID ownership, total (% of population ages 15+)",ID.OWN.TOTL.ZS,..,..,..,..,..,..,..,..,..,..,..,98.9431781,..,..,..,98.77481053,..,..,98.5509972093079
Lebanon,LBN,"Have online digital ID, total (% of population ages 15+)",has_eid,..,..,..,..,..,..,..,..,..,..,..,..,..,..,..,..,..,..,..
Lebanon,LBN,"ID ownership, total (% of population ages 15+)",ID.OWN.TOTL.ZS,..,..,..,..,..,..,..,..,..,..,..,96.68490608,..,..,..,96.99234709,..,..,98.3568426626776
Lesotho,LSO,"Have online digital ID, total (% of population ages 15+)",has_eid,..,..,..,..,..,..,..,..,..,..,..,..,..,..,..,..,..,..,..
Lesotho,LSO,"ID ownership, total (% of population ages 15+)",ID.OWN.TOTL.ZS,..,..,..,..,..,..,..,..,..,..,..,70.91019848,..,..,..,..,..,..,86.6861306932645
Liberia,LBR,"Have online digital ID, total (% of population ages 15+)",has_eid,..,..,..,..,..,..,..,..,..,..,..,..,..,..,..,..,..,..,..
Liberia,LBR,"ID ownership, total (% of population ages 15+)",ID.OWN.TOTL.ZS,..,..,..,..,..,..,..,..,..,..,..,..,..,..,..,30.11951738,..,..,..
Libya,LBY,"Have online digital ID, total (% of population ages 15+)",has_eid,..,..,..,..,..,..,..,..,..,..,..,..,..,..,..,..,..,..,..
Libya,LBY,"ID ownership, total (% of population ages 15+)",ID.OWN.TOTL.ZS,..,..,..,..,..,..,..,..,..,..,..,..,..,..,..,..,..,..,94.4026898562034
Liechtenstein,LIE,"Have online digital ID, total (% of population ages 15+)",has_eid,..,..,..,..,..,..,..,..,..,..,..,..,..,..,..,..,..,..,..
Liechtenstein,LIE,"ID ownership, total (% of population ages 15+)",ID.OWN.TOTL.ZS,..,..,..,..,..,..,..,..,..,..,..,..,..,..,..,..,..,..,..
Lithuania,LTU,"Have online digital ID, total (% of population ages 15+)",has_eid,..,..,..,..,..,..,..,..,..,..,..,..,..,..,..,..,..,..,..
Lithuania,LTU,"ID ownership, total (% of population ages 15+)",ID.OWN.TOTL.ZS,..,..,..,..,..,..,..,..,..,..,..,81.45496399,..,..,..,92.36147622,..,..,85.3701518019633
Luxembourg,LUX,"Have online digital ID, total (% of population ages 15+)",has_eid,..,..,..,..,..,..,..,..,..,..,..,..,..,..,..,..,..,..,..
Luxembourg,LUX,"ID ownership, total (% of population ages 15+)",ID.OWN.TOTL.ZS,..,..,..,..,..,..,..,..,..,..,..,..,..,..,..,..,..,..,..
"Macao SAR, China",MAC,"Have online digital ID, total (% of population ages 15+)",has_eid,..,..,..,..,..,..,..,..,..,..,..,..,..,..,..,..,..,..,..
"Macao SAR, China",MAC,"ID ownership, total (% of population ages 15+)",ID.OWN.TOTL.ZS,..,..,..,..,..,..,..,..,..,..,..,..,..,..,..,..,..,..,..
Madagascar,MDG,"Have online digital ID, total (% of population ages 15+)",has_eid,..,..,..,..,..,..,..,..,..,..,..,..,..,..,..,..,..,..,..
Madagascar,MDG,"ID ownership, total (% of population ages 15+)",ID.OWN.TOTL.ZS,..,..,..,..,..,..,..,..,..,..,..,85.43315151,..,..,..,..,..,..,90.1907831787454
Malawi,MWI,"Have online digital ID, total (% of population ages 15+)",has_eid,..,..,..,..,..,..,..,..,..,..,..,..,..,..,..,..,..,..,..
Malawi,MWI,"ID ownership, total (% of population ages 15+)",ID.OWN.TOTL.ZS,..,..,..,..,..,..,..,..,..,..,..,16.03746048,..,..,..,85.14453005,..,..,88.3852578146504
Malaysia,MYS,"Have online digital ID, total (% of population ages 15+)",has_eid,..,..,..,..,..,..,..,..,..,..,..,..,..,..,..,..,..,..,..
Malaysia,MYS,"ID ownership, total (% of population ages 15+)",ID.OWN.TOTL.ZS,..,..,..,..,..,..,..,..,..,..,..,94.17265254,..,..,..,95.85915103,..,..,94.8672562771184
Maldives,MDV,"Have online digital ID, total (% of population ages 15+)",has_eid,..,..,..,..,..,..,..,..,..,..,..,..,..,..,..,..,..,..,..
Maldives,MDV,"ID ownership, total (% of population ages 15+)",ID.OWN.TOTL.ZS,..,..,..,..,..,..,..,..,..,..,..,..,..,..,..,..,..,..,..
Mali,MLI,"Have online digital ID, total (% of population ages 15+)",has_eid,..,..,..,..,..,..,..,..,..,..,..,..,..,..,..,..,..,..,..
Mali,MLI,"ID ownership, total (% of population ages 15+)",ID.OWN.TOTL.ZS,..,..,..,..,..,..,..,..,..,..,..,70.66576808,..,..,..,69.31462059,..,..,77.5224515219571
Malta,MLT,"Have online digital ID, total (% of population ages 15+)",has_eid,..,..,..,..,..,..,..,..,..,..,..,..,..,..,..,..,..,..,..
Malta,MLT,"ID ownership, total (% of population ages 15+)",ID.OWN.TOTL.ZS,..,..,..,..,..,..,..,..,..,..,..,..,..,..,..,98.58203677,..,..,..
Marshall Islands,MHL,"Have online digital ID, total (% of population ages 15+)",has_eid,..,..,..,..,..,..,..,..,..,..,..,..,..,..,..,..,..,..,..
Marshall Islands,MHL,"ID ownership, total (% of population ages 15+)",ID.OWN.TOTL.ZS,..,..,..,..,..,..,..,..,..,..,..,..,..,..,..,..,..,..,..
Mauritania,MRT,"Have online digital ID, total (% of population ages 15+)",has_eid,..,..,..,..,..,..,..,..,..,..,..,..,..,..,..,..,..,..,..
Mauritania,MRT,"ID ownership, total (% of population ages 15+)",ID.OWN.TOTL.ZS,..,..,..,..,..,..,..,..,..,..,..,89.0794628,..,..,..,..,..,..,94.3263296386939
Mauritius,MUS,"Have online digital ID, total (% of population ages 15+)",has_eid,..,..,..,..,..,..,..,..,..,..,..,..,..,..,..,..,..,..,..
Mauritius,MUS,"ID ownership, total (% of population ages 15+)",ID.OWN.TOTL.ZS,..,..,..,..,..,..,..,..,..,..,..,..,..,..,..,98.85596058,..,..,99.2425125146509
Mexico,MEX,"Have online digital ID, total (% of population ages 15+)",has_eid,..,..,..,..,..,..,..,..,..,..,..,..,..,..,..,..,..,..,..
Mexico,MEX,"ID ownership, total (% of population ages 15+)",ID.OWN.TOTL.ZS,..,..,..,..,..,..,..,..,..,..,..,89.18795696,..,..,..,..,..,..,95.9416453477477
"Micronesia, Fed. Sts.",FSM,"Have online digital ID, total (% of population ages 15+)",has_eid,..,..,..,..,..,..,..,..,..,..,..,..,..,..,..,..,..,..,..
"Micronesia, Fed. Sts.",FSM,"ID ownership, total (% of population ages 15+)",ID.OWN.TOTL.ZS,..,..,..,..,..,..,..,..,..,..,..,..,..,..,..,..,..,..,..
Moldova,MDA,"Have online digital ID, total (% of population ages 15+)",has_eid,..,..,..,..,..,..,..,..,..,..,..,..,..,..,..,..,..,..,..
Moldova,MDA,"ID ownership, total (% of population ages 15+)",ID.OWN.TOTL.ZS,..,..,..,..,..,..,..,..,..,..,..,97.07039076,..,..,..,98.82685485,..,..,..
Monaco,MCO,"Have online digital ID, total (% of population ages 15+)",has_eid,..,..,..,..,..,..,..,..,..,..,..,..,..,..,..,..,..,..,..
Monaco,MCO,"ID ownership, total (% of population ages 15+)",ID.OWN.TOTL.ZS,..,..,..,..,..,..,..,..,..,..,..,..,..,..,..,..,..,..,..
Mongolia,MNG,"Have online digital ID, total (% of population ages 15+)",has_eid,..,..,..,..,..,..,..,..,..,..,..,..,..,..,..,..,..,..,71.0591565896691
Mongolia,MNG,"ID ownership, total (% of population ages 15+)",ID.OWN.TOTL.ZS,..,..,..,..,..,..,..,..,..,..,..,97.62460389,..,..,..,98.14235402,..,..,98.608410585437
Montenegro,MNE,"Have online digital ID, total (% of population ages 15+)",has_eid,..,..,..,..,..,..,..,..,..,..,..,..,..,..,..,..,..,..,50.1685101017345
Montenegro,MNE,"ID ownership, total (% of population ages 15+)",ID.OWN.TOTL.ZS,..,..,..,..,..,..,..,..,..,..,..,93.79565037,..,..,..,..,..,..,94.3436702924752
Morocco,MAR,"Have online digital ID, total (% of population ages 15+)",has_eid,..,..,..,..,..,..,..,..,..,..,..,..,..,..,..,..,..,..,18.653916987283
Morocco,MAR,"ID ownership, total (% of population ages 15+)",ID.OWN.TOTL.ZS,..,..,..,..,..,..,..,..,..,..,..,92.71084242,..,..,..,93.83758069,..,..,94.3901125276705
Mozambique,MOZ,"Have online digital ID, total (% of population ages 15+)",has_eid,..,..,..,..,..,..,..,..,..,..,..,..,..,..,..,..,..,..,..
Mozambique,MOZ,"ID ownership, total (% of population ages 15+)",ID.OWN.TOTL.ZS,..,..,..,..,..,..,..,..,..,..,..,58.19548201,..,..,..,58.1327721,..,..,61.2275758848387
Myanmar,MMR,"Have online digital ID, total (% of population ages 15+)",has_eid,..,..,..,..,..,..,..,..,..,..,..,..,..,..,..,..,..,..,..
Myanmar,MMR,"ID ownership, total (% of population ages 15+)",ID.OWN.TOTL.ZS,..,..,..,..,..,..,..,..,..,..,..,88.7555587,..,..,..,87.79167486,..,..,..
Namibia,NAM,"Have online digital ID, total (% of population ages 15+)",has_eid,..,..,..,..,..,..,..,..,..,..,..,..,..,..,..,..,..,..,..
Namibia,NAM,"ID ownership, total (% of population ages 15+)",ID.OWN.TOTL.ZS,..,..,..,..,..,..,..,..,..,..,..,91.88335083,..,..,..,91.30296771,..,..,95.7900167996306
Nauru,NRU,"Have online digital ID, total (% of population ages 15+)",has_eid,..,..,..,..,..,..,..,..,..,..,..,..,..,..,..,..,..,..,..
Nauru,NRU,"ID ownership, total (% of population ages 15+)",ID.OWN.TOTL.ZS,..,..,..,..,..,..,..,..,..,..,..,..,..,..,..,..,..,..,..
Nepal,NPL,"Have online digital ID, total (% of population ages 15+)",has_eid,..,..,..,..,..,..,..,..,..,..,..,..,..,..,..,..,..,..,..
Nepal,NPL,"ID ownership, total (% of population ages 15+)",ID.OWN.TOTL.ZS,..,..,..,..,..,..,..,..,..,..,..,..,..,..,..,87.98173476,..,..,89.8195540872251
Netherlands,NLD,"Have online digital ID, total (% of population ages 15+)",has_eid,..,..,..,..,..,..,..,..,..,..,..,..,..,..,..,..,..,..,93.7252749438792
Netherlands,NLD,"ID ownership, total (% of population ages 15+)",ID.OWN.TOTL.ZS,..,..,..,..,..,..,..,..,..,..,..,..,..,..,..,95.07178478,..,..,88.7346561537205
New Zealand,NZL,"Have online digital ID, total (% of population ages 15+)",has_eid,..,..,..,..,..,..,..,..,..,..,..,..,..,..,..,..,..,..,53.9589275472903
New Zealand,NZL,"ID ownership, total (% of population ages 15+)",ID.OWN.TOTL.ZS,..,..,..,..,..,..,..,..,..,..,..,..,..,..,..,..,..,..,96.1945443873809
Nicaragua,NIC,"Have online digital ID, total (% of population ages 15+)",has_eid,..,..,..,..,..,..,..,..,..,..,..,..,..,..,..,..,..,..,..
Nicaragua,NIC,"ID ownership, total (% of population ages 15+)",ID.OWN.TOTL.ZS,..,..,..,..,..,..,..,..,..,..,..,89.7648738,..,..,..,90.21290045,..,..,92.7379830587276
Niger,NER,"Have online digital ID, total (% of population ages 15+)",has_eid,..,..,..,..,..,..,..,..,..,..,..,..,..,..,..,..,..,..,..
Niger,NER,"ID ownership, total (% of population ages 15+)",ID.OWN.TOTL.ZS,..,..,..,..,..,..,..,..,..,..,..,44.78414411,..,..,..,..,..,..,53.1289062056341
Nigeria,NGA,"Have online digital ID, total (% of population ages 15+)",has_eid,..,..,..,..,..,..,..,..,..,..,..,..,..,..,..,..,..,..,..
Nigeria,NGA,"ID ownership, total (% of population ages 15+)",ID.OWN.TOTL.ZS,..,..,..,..,..,..,..,..,..,..,..,..,..,..,..,..,..,..,79.0803710088225
North Macedonia,MKD,"Have online digital ID, total (% of population ages 15+)",has_eid,..,..,..,..,..,..,..,..,..,..,..,..,..,..,..,..,..,..,5.54013902932102
North Macedonia,MKD,"ID ownership, total (% of population ages 15+)",ID.OWN.TOTL.ZS,..,..,..,..,..,..,..,..,..,..,..,93.95730467,..,..,..,97.90092817,..,..,93.2261269368129
Norway,NOR,"Have online digital ID, total (% of population ages 15+)",has_eid,..,..,..,..,..,..,..,..,..,..,..,..,..,..,..,..,..,..,97.4176791345782
Norway,NOR,"ID ownership, total (% of population ages 15+)",ID.OWN.TOTL.ZS,..,..,..,..,..,..,..,..,..,..,..,..,..,..,..,99.47777146,..,..,100
Oman,OMN,"Have online digital ID, total (% of population ages 15+)",has_eid,..,..,..,..,..,..,..,..,..,..,..,..,..,..,..,..,..,..,..
Oman,OMN,"ID ownership, total (% of population ages 15+)",ID.OWN.TOTL.ZS,..,..,..,..,..,..,..,..,..,..,..,..,..,..,..,..,..,..,91.704068890767
Pakistan,PAK,"Have online digital ID, total (% of population ages 15+)",has_eid,..,..,..,..,..,..,..,..,..,..,..,..,..,..,..,..,..,..,..
Pakistan,PAK,"ID ownership, total (% of population ages 15+)",ID.OWN.TOTL.ZS,..,..,..,..,..,..,..,..,..,..,..,86.51423674,..,..,..,88.34413538,..,..,93.3233726459581
Palau,PLW,"Have online digital ID, total (% of population ages 15+)",has_eid,..,..,..,..,..,..,..,..,..,..,..,..,..,..,..,..,..,..,..
Palau,PLW,"ID ownership, total (% of population ages 15+)",ID.OWN.TOTL.ZS,..,..,..,..,..,..,..,..,..,..,..,..,..,..,..,..,..,..,..
Panama,PAN,"Have online digital ID, total (% of population ages 15+)",has_eid,..,..,..,..,..,..,..,..,..,..,..,..,..,..,..,..,..,..,25.2768211432726
Panama,PAN,"ID ownership, total (% of population ages 15+)",ID.OWN.TOTL.ZS,..,..,..,..,..,..,..,..,..,..,..,95.33133328,..,..,..,97.79982624,..,..,98.4587656047548
Papua New Guinea,PNG,"Have online digital ID, total (% of population ages 15+)",has_eid,..,..,..,..,..,..,..,..,..,..,..,..,..,..,..,..,..,..,..
Papua New Guinea,PNG,"ID ownership, total (% of population ages 15+)",ID.OWN.TOTL.ZS,..,..,..,..,..,..,..,..,..,..,..,..,..,..,..,..,..,..,..
Paraguay,PRY,"Have online digital ID, total (% of population ages 15+)",has_eid,..,..,..,..,..,..,..,..,..,..,..,..,..,..,..,..,..,..,21.3155711108386
Paraguay,PRY,"ID ownership, total (% of population ages 15+)",ID.OWN.TOTL.ZS,..,..,..,..,..,..,..,..,..,..,..,99.58805347,..,..,..,99.30594746,..,..,99.5910911845584
Peru,PER,"Have online digital ID, total (% of population ages 15+)",has_eid,..,..,..,..,..,..,..,..,..,..,..,..,..,..,..,..,..,..,14.3137745318948
Peru,PER,"ID ownership, total (% of population ages 15+)",ID.OWN.TOTL.ZS,..,..,..,..,..,..,..,..,..,..,..,98.93308091,..,..,..,97.61515435,..,..,98.7903708335519
Philippines,PHL,"Have online digital ID, total (% of population ages 15+)",has_eid,..,..,..,..,..,..,..,..,..,..,..,..,..,..,..,..,..,..,..
Philippines,PHL,"ID ownership, total (% of population ages 15+)",ID.OWN.TOTL.ZS,..,..,..,..,..,..,..,..,..,..,..,..,..,..,..,..,..,..,73.8671440602201
Poland,POL,"Have online digital ID, total (% of population ages 15+)",has_eid,..,..,..,..,..,..,..,..,..,..,..,..,..,..,..,..,..,..,48.8082062173023
Poland,POL,"ID ownership, total (% of population ages 15+)",ID.OWN.TOTL.ZS,..,..,..,..,..,..,..,..,..,..,..,93.2869282,..,..,..,98.37551166,..,..,96.2233839803022
Portugal,PRT,"Have online digital ID, total (% of population ages 15+)",has_eid,..,..,..,..,..,..,..,..,..,..,..,..,..,..,..,..,..,..,41.7436519418251
Portugal,PRT,"ID ownership, total (% of population ages 15+)",ID.OWN.TOTL.ZS,..,..,..,..,..,..,..,..,..,..,..,..,..,..,..,95.63313436,..,..,90.6250547210624
Qatar,QAT,"Have online digital ID, total (% of population ages 15+)",has_eid,..,..,..,..,..,..,..,..,..,..,..,..,..,..,..,..,..,..,..
Qatar,QAT,"ID ownership, total (% of population ages 15+)",ID.OWN.TOTL.ZS,..,..,..,..,..,..,..,..,..,..,..,..,..,..,..,..,..,..,..
Romania,ROU,"Have online digital ID, total (% of population ages 15+)",has_eid,..,..,..,..,..,..,..,..,..,..,..,..,..,..,..,..,..,..,..
Romania,ROU,"ID ownership, total (% of population ages 15+)",ID.OWN.TOTL.ZS,..,..,..,..,..,..,..,..,..,..,..,99.04943643,..,..,..,99.2423017,..,..,..
Russian Federation,RUS,"Have online digital ID, total (% of population ages 15+)",has_eid,..,..,..,..,..,..,..,..,..,..,..,..,..,..,..,..,..,..,..
Russian Federation,RUS,"ID ownership, total (% of population ages 15+)",ID.OWN.TOTL.ZS,..,..,..,..,..,..,..,..,..,..,..,97.94386141,..,..,..,98.68345528,..,..,97.7198372120007
Rwanda,RWA,"Have online digital ID, total (% of population ages 15+)",has_eid,..,..,..,..,..,..,..,..,..,..,..,..,..,..,..,..,..,..,..
Rwanda,RWA,"ID ownership, total (% of population ages 15+)",ID.OWN.TOTL.ZS,..,..,..,..,..,..,..,..,..,..,..,92.88677138,..,..,..,..,..,..,..
Samoa,WSM,"Have online digital ID, total (% of population ages 15+)",has_eid,..,..,..,..,..,..,..,..,..,..,..,..,..,..,..,..,..,..,..
Samoa,WSM,"ID ownership, total (% of population ages 15+)",ID.OWN.TOTL.ZS,..,..,..,..,..,..,..,..,..,..,..,..,..,..,..,..,..,..,..
San Marino,SMR,"Have online digital ID, total (% of population ages 15+)",has_eid,..,..,..,..,..,..,..,..,..,..,..,..,..,..,..,..,..,..,..
San Marino,SMR,"ID ownership, total (% of population ages 15+)",ID.OWN.TOTL.ZS,..,..,..,..,..,..,..,..,..,..,..,..,..,..,..,..,..,..,..
Sao Tome and Principe,STP,"Have online digital ID, total (% of population ages 15+)",has_eid,..,..,..,..,..,..,..,..,..,..,..,..,..,..,..,..,..,..,..
Sao Tome and Principe,STP,"ID ownership, total (% of population ages 15+)",ID.OWN.TOTL.ZS,..,..,..,..,..,..,..,..,..,..,..,..,..,..,..,..,..,..,..
Saudi Arabia,SAU,"Have online digital ID, total (% of population ages 15+)",has_eid,..,..,..,..,..,..,..,..,..,..,..,..,..,..,..,..,..,..,94.7320894448853
Saudi Arabia,SAU,"ID ownership, total (% of population ages 15+)",ID.OWN.TOTL.ZS,..,..,..,..,..,..,..,..,..,..,..,..,..,..,..,98.57757429,..,..,99.6630975828429
Senegal,SEN,"Have online digital ID, total (% of population ages 15+)",has_eid,..,..,..,..,..,..,..,..,..,..,..,..,..,..,..,..,..,..,..
Senegal,SEN,"ID ownership, total (% of population ages 15+)",ID.OWN.TOTL.ZS,..,..,..,..,..,..,..,..,..,..,..,72.56785577,..,..,..,82.46925606,..,..,89.1957475598346
Serbia,SRB,"Have online digital ID, total (% of population ages 15+)",has_eid,..,..,..,..,..,..,..,..,..,..,..,..,..,..,..,..,..,..,20.9437876941823
Serbia,SRB,"ID ownership, total (% of population ages 15+)",ID.OWN.TOTL.ZS,..,..,..,..,..,..,..,..,..,..,..,96.7021286,..,..,..,99.25687112,..,..,95.9224097302312
Seychelles,SYC,"Have online digital ID, total (% of population ages 15+)",has_eid,..,..,..,..,..,..,..,..,..,..,..,..,..,..,..,..,..,..,..
Seychelles,SYC,"ID ownership, total (% of population ages 15+)",ID.OWN.TOTL.ZS,..,..,..,..,..,..,..,..,..,..,..,..,..,..,..,..,..,..,..
Sierra Leone,SLE,"Have online digital ID, total (% of population ages 15+)",has_eid,..,..,..,..,..,..,..,..,..,..,..,..,..,..,..,..,..,..,..
Sierra Leone,SLE,"ID ownership, total (% of population ages 15+)",ID.OWN.TOTL.ZS,..,..,..,..,..,..,..,..,..,..,..,..,..,..,..,61.49600374,..,..,42.6202313183158
Singapore,SGP,"Have online digital ID, total (% of population ages 15+)",has_eid,..,..,..,..,..,..,..,..,..,..,..,..,..,..,..,..,..,..,98.2153237202355
Singapore,SGP,"ID ownership, total (% of population ages 15+)",ID.OWN.TOTL.ZS,..,..,..,..,..,..,..,..,..,..,..,94.70024267,..,..,..,96.85673834,..,..,..
Slovak Republic,SVK,"Have online digital ID, total (% of population ages 15+)",has_eid,..,..,..,..,..,..,..,..,..,..,..,..,..,..,..,..,..,..,..
Slovak Republic,SVK,"ID ownership, total (% of population ages 15+)",ID.OWN.TOTL.ZS,..,..,..,..,..,..,..,..,..,..,..,99.43449185,..,..,..,99.55972909,..,..,..
Slovenia,SVN,"Have online digital ID, total (% of population ages 15+)",has_eid,..,..,..,..,..,..,..,..,..,..,..,..,..,..,..,..,..,..,30.1361200143427
Slovenia,SVN,"ID ownership, total (% of population ages 15+)",ID.OWN.TOTL.ZS,..,..,..,..,..,..,..,..,..,..,..,..,..,..,..,95.42259936,..,..,93.9311356140176
Solomon Islands,SLB,"Have online digital ID, total (% of population ages 15+)",has_eid,..,..,..,..,..,..,..,..,..,..,..,..,..,..,..,..,..,..,..
Solomon Islands,SLB,"ID ownership, total (% of population ages 15+)",ID.OWN.TOTL.ZS,..,..,..,..,..,..,..,..,..,..,..,..,..,..,..,..,..,..,..
"Somalia, Fed. Rep.",SOM,"Have online digital ID, total (% of population ages 15+)",has_eid,..,..,..,..,..,..,..,..,..,..,..,..,..,..,..,..,..,..,..
"Somalia, Fed. Rep.",SOM,"ID ownership, total (% of population ages 15+)",ID.OWN.TOTL.ZS,..,..,..,..,..,..,..,..,..,..,..,..,..,..,..,..,..,..,..
South Africa,ZAF,"Have online digital ID, total (% of population ages 15+)",has_eid,..,..,..,..,..,..,..,..,..,..,..,..,..,..,..,..,..,..,..
South Africa,ZAF,"ID ownership, total (% of population ages 15+)",ID.OWN.TOTL.ZS,..,..,..,..,..,..,..,..,..,..,..,92.39155824,..,..,..,94.13186413,..,..,89.3183055759572
South Sudan,SSD,"Have online digital ID, total (% of population ages 15+)",has_eid,..,..,..,..,..,..,..,..,..,..,..,..,..,..,..,..,..,..,..
South Sudan,SSD,"ID ownership, total (% of population ages 15+)",ID.OWN.TOTL.ZS,..,..,..,..,..,..,..,..,..,..,..,21.6945094,..,..,..,13.15904554,..,..,..
Spain,ESP,"Have online digital ID, total (% of population ages 15+)",has_eid,..,..,..,..,..,..,..,..,..,..,..,..,..,..,..,..,..,..,..
Spain,ESP,"ID ownership, total (% of population ages 15+)",ID.OWN.TOTL.ZS,..,..,..,..,..,..,..,..,..,..,..,..,..,..,..,95.96346876,..,..,97.2003626886195
Sri Lanka,LKA,"Have online digital ID, total (% of population ages 15+)",has_eid,..,..,..,..,..,..,..,..,..,..,..,..,..,..,..,..,..,..,..
Sri Lanka,LKA,"ID ownership, total (% of population ages 15+)",ID.OWN.TOTL.ZS,..,..,..,..,..,..,..,..,..,..,..,92.12566048,..,..,..,92.50807206,..,..,92.8210631944044
St. Kitts and Nevis,KNA,"Have online digital ID, total (% of population ages 15+)",has_eid,..,..,..,..,..,..,..,..,..,..,..,..,..,..,..,..,..,..,..
St. Kitts and Nevis,KNA,"ID ownership, total (% of population ages 15+)",ID.OWN.TOTL.ZS,..,..,..,..,..,..,..,..,..,..,..,..,..,..,..,..,..,..,..
St. Lucia,LCA,"Have online digital ID, total (% of population ages 15+)",has_eid,..,..,..,..,..,..,..,..,..,..,..,..,..,..,..,..,..,..,..
St. Lucia,LCA,"ID ownership, total (% of population ages 15+)",ID.OWN.TOTL.ZS,..,..,..,..,..,..,..,..,..,..,..,..,..,..,..,..,..,..,..
St. Vincent and the Grenadines,VCT,"Have online digital ID, total (% of population ages 15+)",has_eid,..,..,..,..,..,..,..,..,..,..,..,..,..,..,..,..,..,..,..
St. Vincent and the Grenadines,VCT,"ID ownership, total (% of population ages 15+)",ID.OWN.TOTL.ZS,..,..,..,..,..,..,..,..,..,..,..,..,..,..,..,..,..,..,..
Sudan,SDN,"Have online digital ID, total (% of population ages 15+)",has_eid,..,..,..,..,..,..,..,..,..,..,..,..,..,..,..,..,..,..,..
Sudan,SDN,"ID ownership, total (% of population ages 15+)",ID.OWN.TOTL.ZS,..,..,..,..,..,..,..,..,..,..,..,..,..,..,..,..,..,..,..
Suriname,SUR,"Have online digital ID, total (% of population ages 15+)",has_eid,..,..,..,..,..,..,..,..,..,..,..,..,..,..,..,..,..,..,..
Suriname,SUR,"ID ownership, total (% of population ages 15+)",ID.OWN.TOTL.ZS,..,..,..,..,..,..,..,..,..,..,..,..,..,..,..,..,..,..,..
Sweden,SWE,"Have online digital ID, total (% of population ages 15+)",has_eid,..,..,..,..,..,..,..,..,..,..,..,..,..,..,..,..,..,..,97.4981767142945
Sweden,SWE,"ID ownership, total (% of population ages 15+)",ID.OWN.TOTL.ZS,..,..,..,..,..,..,..,..,..,..,..,..,..,..,..,100,..,..,99.5254270140928
Switzerland,CHE,"Have online digital ID, total (% of population ages 15+)",has_eid,..,..,..,..,..,..,..,..,..,..,..,..,..,..,..,..,..,..,53.263271756633
Switzerland,CHE,"ID ownership, total (% of population ages 15+)",ID.OWN.TOTL.ZS,..,..,..,..,..,..,..,..,..,..,..,..,..,..,..,94.95190569,..,..,92.7175604235788
Syrian Arab Republic,SYR,"Have online digital ID, total (% of population ages 15+)",has_eid,..,..,..,..,..,..,..,..,..,..,..,..,..,..,..,..,..,..,..
Syrian Arab Republic,SYR,"ID ownership, total (% of population ages 15+)",ID.OWN.TOTL.ZS,..,..,..,..,..,..,..,..,..,..,..,..,..,..,..,..,..,..,..
"Taiwan, China",TWN,"Have online digital ID, total (% of population ages 15+)",has_eid,..,..,..,..,..,..,..,..,..,..,..,..,..,..,..,..,..,..,..
"Taiwan, China",TWN,"ID ownership, total (% of population ages 15+)",ID.OWN.TOTL.ZS,..,..,..,..,..,..,..,..,..,..,..,..,..,..,..,98.79071757,..,..,..
Tajikistan,TJK,"Have online digital ID, total (% of population ages 15+)",has_eid,..,..,..,..,..,..,..,..,..,..,..,..,..,..,..,..,..,..,..
Tajikistan,TJK,"ID ownership, total (% of population ages 15+)",ID.OWN.TOTL.ZS,..,..,..,..,..,..,..,..,..,..,..,..,..,..,..,85.62551803,..,..,88.4760672315318
Tanzania,TZA,"Have online digital ID, total (% of population ages 15+)",has_eid,..,..,..,..,..,..,..,..,..,..,..,..,..,..,..,..,..,..,..
Tanzania,TZA,"ID ownership, total (% of population ages 15+)",ID.OWN.TOTL.ZS,..,..,..,..,..,..,..,..,..,..,..,..,..,..,..,60.25101703,..,..,61.8243227308145
Thailand,THA,"Have online digital ID, total (% of population ages 15+)",has_eid,..,..,..,..,..,..,..,..,..,..,..,..,..,..,..,..,..,..,30.0773109161786
Thailand,THA,"ID ownership, total (% of population ages 15+)",ID.OWN.TOTL.ZS,..,..,..,..,..,..,..,..,..,..,..,99.48725763,..,..,..,98.89574057,..,..,97.777209899775
Timor-Leste,TLS,"Have online digital ID, total (% of population ages 15+)",has_eid,..,..,..,..,..,..,..,..,..,..,..,..,..,..,..,..,..,..,..
Timor-Leste,TLS,"ID ownership, total (% of population ages 15+)",ID.OWN.TOTL.ZS,..,..,..,..,..,..,..,..,..,..,..,..,..,..,..,..,..,..,..
Togo,TGO,"Have online digital ID, total (% of population ages 15+)",has_eid,..,..,..,..,..,..,..,..,..,..,..,..,..,..,..,..,..,..,..
Togo,TGO,"ID ownership, total (% of population ages 15+)",ID.OWN.TOTL.ZS,..,..,..,..,..,..,..,..,..,..,..,39.59084465,..,..,..,40.31818956,..,..,61.9705568584688
Tonga,TON,"Have online digital ID, total (% of population ages 15+)",has_eid,..,..,..,..,..,..,..,..,..,..,..,..,..,..,..,..,..,..,..
Tonga,TON,"ID ownership, total (% of population ages 15+)",ID.OWN.TOTL.ZS,..,..,..,..,..,..,..,..,..,..,..,..,..,..,..,..,..,..,..
Trinidad and Tobago,TTO,"Have online digital ID, total (% of population ages 15+)",has_eid,..,..,..,..,..,..,..,..,..,..,..,..,..,..,..,..,..,..,..
Trinidad and Tobago,TTO,"ID ownership, total (% of population ages 15+)",ID.OWN.TOTL.ZS,..,..,..,..,..,..,..,..,..,..,..,94.92898497,..,..,..,..,..,..,..
Tunisia,TUN,"Have online digital ID, total (% of population ages 15+)",has_eid,..,..,..,..,..,..,..,..,..,..,..,..,..,..,..,..,..,..,..
Tunisia,TUN,"ID ownership, total (% of population ages 15+)",ID.OWN.TOTL.ZS,..,..,..,..,..,..,..,..,..,..,..,96.4502963,..,..,..,98.80637536,..,..,99.8753749612597
Turkiye,TUR,"Have online digital ID, total (% of population ages 15+)",has_eid,..,..,..,..,..,..,..,..,..,..,..,..,..,..,..,..,..,..,80.8349565333242
Turkiye,TUR,"ID ownership, total (% of population ages 15+)",ID.OWN.TOTL.ZS,..,..,..,..,..,..,..,..,..,..,..,96.67961916,..,..,..,96.17103557,..,..,99.9524261719035
Turkmenistan,TKM,"Have online digital ID, total (% of population ages 15+)",has_eid,..,..,..,..,..,..,..,..,..,..,..,..,..,..,..,..,..,..,..
Turkmenistan,TKM,"ID ownership, total (% of population ages 15+)",ID.OWN.TOTL.ZS,..,..,..,..,..,..,..,..,..,..,..,98.42809154,..,..,..,..,..,..,..
Turks and Caicos Islands,TCA,"Have online digital ID, total (% of population ages 15+)",has_eid,..,..,..,..,..,..,..,..,..,..,..,..,..,..,..,..,..,..,..
Turks and Caicos Islands,TCA,"ID ownership, total (% of population ages 15+)",ID.OWN.TOTL.ZS,..,..,..,..,..,..,..,..,..,..,..,..,..,..,..,..,..,..,..
Tuvalu,TUV,"Have online digital ID, total (% of population ages 15+)",has_eid,..,..,..,..,..,..,..,..,..,..,..,..,..,..,..,..,..,..,..
Tuvalu,TUV,"ID ownership, total (% of population ages 15+)",ID.OWN.TOTL.ZS,..,..,..,..,..,..,..,..,..,..,..,..,..,..,..,..,..,..,..
Uganda,UGA,"Have online digital ID, total (% of population ages 15+)",has_eid,..,..,..,..,..,..,..,..,..,..,..,..,..,..,..,..,..,..,3.44112376127796
Uganda,UGA,"ID ownership, total (% of population ages 15+)",ID.OWN.TOTL.ZS,..,..,..,..,..,..,..,..,..,..,..,81.3790374,..,..,..,72.50915527,..,..,66.9448785528024
Ukraine,UKR,"Have online digital ID, total (% of population ages 15+)",has_eid,..,..,..,..,..,..,..,..,..,..,..,..,..,..,..,..,..,..,49.4314618263316
Ukraine,UKR,"ID ownership, total (% of population ages 15+)",ID.OWN.TOTL.ZS,..,..,..,..,..,..,..,..,..,..,..,97.29908132,..,..,..,98.96324405,..,..,100
United Arab Emirates,ARE,"Have online digital ID, total (% of population ages 15+)",has_eid,..,..,..,..,..,..,..,..,..,..,..,..,..,..,..,..,..,..,..
United Arab Emirates,ARE,"ID ownership, total (% of population ages 15+)",ID.OWN.TOTL.ZS,..,..,..,..,..,..,..,..,..,..,..,..,..,..,..,89.75341536,..,..,..
United Kingdom,GBR,"Have online digital ID, total (% of population ages 15+)",has_eid,..,..,..,..,..,..,..,..,..,..,..,..,..,..,..,..,..,..,..
United Kingdom,GBR,"ID ownership, total (% of population ages 15+)",ID.OWN.TOTL.ZS,..,..,..,..,..,..,..,..,..,..,..,..,..,..,..,..,..,..,93.6381678542708
United States,USA,"Have online digital ID, total (% of population ages 15+)",has_eid,..,..,..,..,..,..,..,..,..,..,..,..,..,..,..,..,..,..,41.6971111285727
United States,USA,"ID ownership, total (% of population ages 15+)",ID.OWN.TOTL.ZS,..,..,..,..,..,..,..,..,..,..,..,..,..,..,..,..,..,..,89.7974695668724
Uruguay,URY,"Have online digital ID, total (% of population ages 15+)",has_eid,..,..,..,..,..,..,..,..,..,..,..,..,..,..,..,..,..,..,..
Uruguay,URY,"ID ownership, total (% of population ages 15+)",ID.OWN.TOTL.ZS,..,..,..,..,..,..,..,..,..,..,..,99.74627967,..,..,..,100,..,..,..
Uzbekistan,UZB,"Have online digital ID, total (% of population ages 15+)",has_eid,..,..,..,..,..,..,..,..,..,..,..,..,..,..,..,..,..,..,26.3662294136002
Uzbekistan,UZB,"ID ownership, total (% of population ages 15+)",ID.OWN.TOTL.ZS,..,..,..,..,..,..,..,..,..,..,..,94.498324,..,..,..,92.31661332,..,..,95.8590911388827
Vanuatu,VUT,"Have online digital ID, total (% of population ages 15+)",has_eid,..,..,..,..,..,..,..,..,..,..,..,..,..,..,..,..,..,..,..
Vanuatu,VUT,"ID ownership, total (% of population ages 15+)",ID.OWN.TOTL.ZS,..,..,..,..,..,..,..,..,..,..,..,..,..,..,..,..,..,..,..
"Venezuela, RB",VEN,"Have online digital ID, total (% of population ages 15+)",has_eid,..,..,..,..,..,..,..,..,..,..,..,..,..,..,..,..,..,..,..
"Venezuela, RB",VEN,"ID ownership, total (% of population ages 15+)",ID.OWN.TOTL.ZS,..,..,..,..,..,..,..,..,..,..,..,98.32943701,..,..,..,98.84323666,..,..,98.3473839035133
Viet Nam,VNM,"Have online digital ID, total (% of population ages 15+)",has_eid,..,..,..,..,..,..,..,..,..,..,..,..,..,..,..,..,..,..,69.4722363158902
Viet Nam,VNM,"ID ownership, total (% of population ages 15+)",ID.OWN.TOTL.ZS,..,..,..,..,..,..,..,..,..,..,..,94.0890681,..,..,..,96.95329144,..,..,99.3253637947611
West Bank and Gaza,PSE,"Have online digital ID, total (% of population ages 15+)",has_eid,..,..,..,..,..,..,..,..,..,..,..,..,..,..,..,..,..,..,..
West Bank and Gaza,PSE,"ID ownership, total (% of population ages 15+)",ID.OWN.TOTL.ZS,..,..,..,..,..,..,..,..,..,..,..,..,..,..,..,96.0885868,..,..,..
"Yemen, Rep.",YEM,"Have online digital ID, total (% of population ages 15+)",has_eid,..,..,..,..,..,..,..,..,..,..,..,..,..,..,..,..,..,..,..
"Yemen, Rep.",YEM,"ID ownership, total (% of population ages 15+)",ID.OWN.TOTL.ZS,..,..,..,..,..,..,..,..,..,..,..,48.91619876,..,..,..,..,..,..,..
Zambia,ZMB,"Have online digital ID, total (% of population ages 15+)",has_eid,..,..,..,..,..,..,..,..,..,..,..,..,..,..,..,..,..,..,..
Zambia,ZMB,"ID ownership, total (% of population ages 15+)",ID.OWN.TOTL.ZS,..,..,..,..,..,..,..,..,..,..,..,89.01448535,..,..,..,93.8954036,..,..,87.7747889529239
Zimbabwe,ZWE,"Have online digital ID, total (% of population ages 15+)",has_eid,..,..,..,..,..,..,..,..,..,..,..,..,..,..,..,..,..,..,..
Zimbabwe,ZWE,"ID ownership, total (% of population ages 15+)",ID.OWN.TOTL.ZS,..,..,..,..,..,..,..,..,..,..,..,86.24807051,..,..,..,85.49891581,..,..,91.2423574973296
,,,,,,,,,,,,,,,,,,,,,,
,,,,,,,,,,,,,,,,,,,,,,
,,,,,,,,,,,,,,,,,,,,,,
Data from database: Identification for Development (ID4D) Data,,,,,,,,,,,,,,,,,,,,,,
Last Updated: 05/22/2026,,,,,,,,,,,,,,,,,,,,,,
